Product Type,Product Name,Partner Email,Branch Name,Duration,Intake Month,Description,Subject Area,Subject,Degree Level,Requirement Degree Level,Academic Type,Academic Score,TOEFL,IELTS,PTE,Installment Type,Accommodation Fee Type,Accommodation Amount,Accommodation Installments,Accommodation Total Fee,Tution Fee Type,Tution Installments,Tution Amount,Tution Total Fee,Overall Fees
Course,Mathematical support and administration of information systems,bazhenova_oa@usue.ru,Ekaterinburg Campus,4 years,,School leaving certificate ( legalised by ministry of forgien affairs and Ministry if Education) and international passport,Applied and Pure Science,Mathematics,Bachelor,,,,,,,Per year,Accommodation Fee,300,4,1200,Tuition Fee ,4,1950,7800,9000
Course,Computer science and engineering,bazhenova_oa@usue.ru,Ekaterinburg Campus,4 years,,School leaving certificate ( legalised by ministry of forgien affairs and Ministry if Education) and international passport,Computer Science and IT,Computer Science,Bachelor,,,,,,,Per year,Accommodation Fee,300,4,1200,Tuition Fee ,4,2200,8800,10000
Course,Applied informatics,bazhenova_oa@usue.ru,Ekaterinburg Campus,4 years,,School leaving certificate ( legalised by ministry of forgien affairs and Ministry if Education) and international passport,Applied and Pure Science,Other Applied and Pure Science Courses,Bachelor,,,,,,,Per year,Accommodation Fee,300,4,1200,Tuition Fee ,4,2200,8800,10000
Course,Information security,bazhenova_oa@usue.ru,Ekaterinburg Campus,4 years,,School leaving certificate ( legalised by ministry of forgien affairs and Ministry if Education) and international passport,Computer Science and IT,Computer Science,Bachelor,,,,,,,Per year,Accommodation Fee,300,4,1200,Tuition Fee ,4,2200,8800,10000
Course,Technological machines and equipment,bazhenova_oa@usue.ru,Ekaterinburg Campus,4 years,,School leaving certificate ( legalised by ministry of forgien affairs and Ministry if Education) and international passport,Engineering,Mechanical Engineering,Bachelor,,,,,,,Per year,Accommodation Fee,300,4,1200,Tuition Fee ,4,2200,8800,10000
Course,Biotechnology,bazhenova_oa@usue.ru,Ekaterinburg Campus,4 years,,School leaving certificate ( legalised by ministry of forgien affairs and Ministry if Education) and international passport,Applied and Pure Science,General Sciences,Bachelor,,,,,,,Per year,Accommodation Fee,300,4,1200,Tuition Fee ,4,2200,8800,10000
Course,Production technology and organization of public transport,bazhenova_oa@usue.ru,Ekaterinburg Campus,4 years,,School leaving certificate ( legalised by ministry of forgien affairs and Ministry if Education) and international passport,Engineering,Vehicle Engineering,Bachelor,,,,,,,Per year,Accommodation Fee,300,4,1200,Tuition Fee ,4,2200,8800,10000
Course,Land management and cadastres,bazhenova_oa@usue.ru,Ekaterinburg Campus,4 years,,School leaving certificate ( legalised by ministry of forgien affairs and Ministry if Education) and international passport,Engineering,Mining and Oil & Gas Operations,Bachelor,,,,,,,Per year,Accommodation Fee,300,4,1200,Tuition Fee ,4,2200,8800,10000
Course,Quality management,bazhenova_oa@usue.ru,Ekaterinburg Campus,4 years,,School leaving certificate ( legalised by ministry of forgien affairs and Ministry if Education) and international passport,Engineering,Quality Control,Bachelor,,,,,,,Per year,Accommodation Fee,300,4,1200,Tuition Fee ,4,2200,8800,10000
Course,Economics,bazhenova_oa@usue.ru,Ekaterinburg Campus,4 years,,School leaving certificate ( legalised by ministry of forgien affairs and Ministry if Education) and international passport,Social Studies and Media,Economics,Bachelor,,,,,,,Per year,Accommodation Fee,300,4,1200,Tuition Fee ,4,2200,8800,10000
Course,Management,bazhenova_oa@usue.ru,Ekaterinburg Campus,4 years,,School leaving certificate ( legalised by ministry of forgien affairs and Ministry if Education) and international passport,Business and Management,Management,Bachelor,,,,,,,Per year,Accommodation Fee,300,4,1200,Tuition Fee ,4,1950,7800,9000
Course,Personnel management,bazhenova_oa@usue.ru,Ekaterinburg Campus,4 years,,School leaving certificate ( legalised by ministry of forgien affairs and Ministry if Education) and international passport,Business and Management,Management,Bachelor,,,,,,,Per year,Accommodation Fee,300,4,1200,Tuition Fee ,4,1950,7800,9000
Course,State and municipal administration,bazhenova_oa@usue.ru,Ekaterinburg Campus,4 years,,School leaving certificate ( legalised by ministry of forgien affairs and Ministry if Education) and international passport,Social Studies and Media,Public Administration,Bachelor,,,,,,,Per year,Accommodation Fee,300,4,1200,Tuition Fee ,4,1950,7800,9000
Course,Business Informatics,bazhenova_oa@usue.ru,Ekaterinburg Campus,4 years,,School leaving certificate ( legalised by ministry of forgien affairs and Ministry if Education) and international passport,Business and Management,Business Studies,Bachelor,,,,,,,Per year,Accommodation Fee,300,4,1200,Tuition Fee ,4,1950,7800,9000
Course,Trade business,bazhenova_oa@usue.ru,Ekaterinburg Campus,4 years,,School leaving certificate ( legalised by ministry of forgien affairs and Ministry if Education) and international passport,Business and Management,Sales and Marketing,Bachelor,,,,,,,Per year,Accommodation Fee,300,4,1200,Tuition Fee ,4,1950,7800,9000
Course,Commodity research,bazhenova_oa@usue.ru,Ekaterinburg Campus,4 years,,School leaving certificate ( legalised by ministry of forgien affairs and Ministry if Education) and international passport,Business and Management,Sales and Marketing,Bachelor,,,,,,,Per year,Accommodation Fee,300,4,1200,Tuition Fee ,4,1950,7800,9000
Course,Jurisprudence,bazhenova_oa@usue.ru,Ekaterinburg Campus,4 years,,School leaving certificate ( legalised by ministry of forgien affairs and Ministry if Education) and international passport,Law,Legal Studies,Bachelor,,,,,,,Per year,Accommodation Fee,300,4,1200,Tuition Fee ,4,1950,7800,9000
Course,Service,bazhenova_oa@usue.ru,Ekaterinburg Campus,4 years,,School leaving certificate ( legalised by ministry of forgien affairs and Ministry if Education) and international passport,Travel and Hospitality,Hospitality,Bachelor,,,,,,,Per year,Accommodation Fee,300,4,1200,Tuition Fee ,4,1950,7800,9000
Course,Tourism,bazhenova_oa@usue.ru,Ekaterinburg Campus,4 years,,School leaving certificate ( legalised by ministry of forgien affairs and Ministry if Education) and international passport,Travel and Hospitality,Travel and Tourism,Bachelor,,,,,,,Per year,Accommodation Fee,300,4,1200,Tuition Fee ,4,1950,7800,9000
Course,hotel business,bazhenova_oa@usue.ru,Ekaterinburg Campus,4 years,,School leaving certificate ( legalised by ministry of forgien affairs and Ministry if Education) and international passport,Travel and Hospitality,Hotel Management,Bachelor,,,,,,,Per year,Accommodation Fee,300,4,1200,Tuition Fee ,4,1950,7800,9000
Course,Applied informatics,bazhenova_oa@usue.ru,Ekaterinburg Campus,4 years,,"International passport, School leaving certificate,Bachelors Degree certificate and University transcript legalised by ministry of forgien affairs and Ministry if Education",Applied and Pure Science,Other Applied and Pure Science Courses,Master,,,,,,,Per year,Accommodation Fee,300,2,600,Tuition Fee ,2,2600,5200,5800
Course,Production technology and organization of public catering,bazhenova_oa@usue.ru,Ekaterinburg Campus,2 years,,"International passport, School leaving certificate,Bachelors Degree certificate and University transcript (legalised by ministry of forgien affairs and Ministry if Education)",Engineering,Vehicle Engineering,Master,,,,,,,Per year,Accommodation Fee,300,2,600,Tuition Fee ,2,2600,5200,5800
Course,Quality management,bazhenova_oa@usue.ru,Ekaterinburg Campus,2 years,,"International passport, School leaving certificate,Bachelors Degree certificate and University transcript (legalised by ministry of forgien affairs and Ministry if Education)",Engineering,Quality Control,Master,,,,,,,Per year,Accommodation Fee,300,2,600,Tuition Fee ,2,2600,5200,5800
Course,Economics,bazhenova_oa@usue.ru,Ekaterinburg Campus,2 years,,"International passport, School leaving certificate,Bachelors Degree certificate and University transcript (legalised by ministry of forgien affairs and Ministry if Education)",Social Studies and Media,Economics,Master,,,,,,,Per year,Accommodation Fee,300,2,600,Tuition Fee ,2,2600,5200,5800
Course,Management,bazhenova_oa@usue.ru,Ekaterinburg Campus,2 years,,"International passport, School leaving certificate,Bachelors Degree certificate and University transcript (legalised by ministry of forgien affairs and Ministry if Education)",Business and Management,Management,Master,,,,,,,Per year,Accommodation Fee,300,2,600,Tuition Fee ,2,2600,5200,5800
Course,Personnel management,bazhenova_oa@usue.ru,Ekaterinburg Campus,2 years,,"International passport, School leaving certificate,Bachelors Degree certificate and University transcript (legalised by ministry of forgien affairs and Ministry if Education)",Business and Management,Education Management,Master,,,,,,,Per year,Accommodation Fee,300,2,600,Tuition Fee ,2,2600,5200,5800
Course,State and municipal administration,bazhenova_oa@usue.ru,Ekaterinburg Campus,2 years,,"International passport, School leaving certificate,Bachelors Degree certificate and University transcript (legalised by ministry of forgien affairs and Ministry if Education)",Social Studies and Media,Public Administration,Master,,,,,,,Per year,Accommodation Fee,300,2,600,Tuition Fee ,2,2600,5200,5800
Course,Business Informatics,bazhenova_oa@usue.ru,Ekaterinburg Campus,2 years,,"International passport, School leaving certificate,Bachelors Degree certificate and University transcript (legalised by ministry of forgien affairs and Ministry if Education)",Business and Management,Business Studies,Master,,,,,,,Per year,Accommodation Fee,300,2,600,Tuition Fee ,2,2600,5200,5800
Course,Trade business,bazhenova_oa@usue.ru,Ekaterinburg Campus,2 years,,"International passport, School leaving certificate,Bachelors Degree certificate and University transcript (legalised by ministry of forgien affairs and Ministry if Education)",Business and Management,Sales and Marketing,Master,,,,,,,Per year,Accommodation Fee,300,2,600,Tuition Fee ,2,2600,5200,5800
Course,Finance and credit,bazhenova_oa@usue.ru,Ekaterinburg Campus,2 years,,"International passport, School leaving certificate,Bachelors Degree certificate and University transcript (legalised by ministry of forgien affairs and Ministry if Education)",Business and Management,Banking and Finance,Master,,,,,,,Per year,Accommodation Fee,300,2,600,Tuition Fee ,2,2600,5200,5800
Course,Applied informatics,bazhenova_oa@usue.ru,Ekaterinburg Campus,2 years,,"International passport, School leaving certificate,Bachelors Degree certificate and University transcript (legalised by ministry of forgien affairs and Ministry if Education)",Applied and Pure Science,Other Applied and Pure Science Courses,Master,,,,,,,Per year,Accommodation Fee,300,2,600,Tuition Fee ,2,2500,5000,5600
Course,Quality management,bazhenova_oa@usue.ru,Ekaterinburg Campus,2 years,,"International passport, School leaving certificate,Bachelors Degree certificate and University transcript (legalised by ministry of forgien affairs and Ministry if Education)",Engineering,Quality Control,Master,,,,,,,Per year,Accommodation Fee,300,2,600,Tuition Fee ,2,2600,5200,5800
Course,Economics,bazhenova_oa@usue.ru,Ekaterinburg Campus,2 years,,"International passport, School leaving certificate,Bachelors Degree certificate and University transcript (legalised by ministry of forgien affairs and Ministry if Education)",Social Studies and Media,Economics,Master,,,,,,,Per year,Accommodation Fee,300,2,600,Tuition Fee ,2,2600,5200,5800
Course,Management,bazhenova_oa@usue.ru,Ekaterinburg Campus,2 years,,"International passport, School leaving certificate,Bachelors Degree certificate and University transcript (legalised by ministry of forgien affairs and Ministry if Education)",Business and Management,Management,Master,,,,,,,Per year,Accommodation Fee,300,2,600,Tuition Fee ,2,2600,5200,5800
Course,Personnel management,bazhenova_oa@usue.ru,Ekaterinburg Campus,2 years,,"International passport, School leaving certificate,Bachelors Degree certificate and University transcript (legalised by ministry of forgien affairs and Ministry if Education)",Business and Management,Management,Master,,,,,,,Per year,Accommodation Fee,300,2,600,Tuition Fee ,2,2600,5200,5800
Course,State and municipal administration,bazhenova_oa@usue.ru,Ekaterinburg Campus,2 years,,"International passport, School leaving certificate,Bachelors Degree certificate and University transcript (legalised by ministry of forgien affairs and Ministry if Education)",Social Studies and Media,Public Administration,Master,,,,,,,Per year,Accommodation Fee,300,2,600,Tuition Fee ,2,2600,5200,5800
Course,Business Informatics,bazhenova_oa@usue.ru,Ekaterinburg Campus,2 years,,"International passport, School leaving certificate,Bachelors Degree certificate and University transcript (legalised by ministry of forgien affairs and Ministry if Education)",Business and Management,Business Studies,Master,,,,,,,Per year,Accommodation Fee,300,2,600,Tuition Fee ,2,2600,5200,5800
Course,Trade business,bazhenova_oa@usue.ru,Ekaterinburg Campus,2 years,,"International passport, School leaving certificate,Bachelors Degree certificate and University transcript (legalised by ministry of forgien affairs and Ministry if Education)",Business and Management,Sales and Marketing,Master,,,,,,,Per year,Accommodation Fee,300,2,600,Tuition Fee ,2,2600,5200,5800
Course,Finance and credit,bazhenova_oa@usue.ru,Ekaterinburg Campus,2 years,,"International passport, School leaving certificate,Bachelors Degree certificate and University transcript (legalised by ministry of forgien affairs and Ministry if Education)",Business and Management,Banking and Finance,Master,,,,,,,Per year,Accommodation Fee,300,2,600,Tuition Fee ,2,2600,5200,5800
Course,FOUNDATION PROGRAMME ( Russian language),bazhenova_oa@usue.ru,Ekaterinburg Campus,1 year ,,School leaving certificate ( legalised by ministry of forgien affairs and Ministry if Education) and international passport,Humanities and Languages,Languages,Certificate,,,,,,,Per year,Accommodation Fee,300,1,300,Tuition Fee ,1,2100,2100,2400
Course,GENERAL MEDICINE,kelens@mail.ru,Kazan Campus,6 years,,School leaving certificate ( legalised by ministry of forgien affairs and Ministry if Education) and international passport,Health and Medicine,Medicine,Bachelor,,,,,,,Per year,Accommodation Fee,300,4,1200,Tuition Fee ,4,6450,25800,27000
Course,PEDIATRIC MEDICINE,kelens@mail.ru,Kazan Campus,6 years,,School leaving certificate ( legalised by ministry of forgien affairs and Ministry if Education) and international passport,Health and Medicine,Medicine,Bachelor,,,,,,,Per year,Accommodation Fee,300,4,1200,Tuition Fee ,4,6450,25800,27000
Course,DENTAL MEDICINE,kelens@mail.ru,Kazan Campus,5 years,,School leaving certificate ( legalised by ministry of forgien affairs and Ministry if Education) and international passport,Health and Medicine,Dentistry,Bachelor,,,,,,,Per year,Accommodation Fee,300,4,1200,Tuition Fee ,4,6450,25800,27000
Course,PHARMACY,kelens@mail.ru,Kazan Campus,5 years,,School leaving certificate ( legalised by ministry of forgien affairs and Ministry if Education) and international passport,Health and Medicine,Pharmacology,Bachelor,,,,,,,Per year,Accommodation Fee,300,4,1200,Tuition Fee ,4,6450,25800,27000
Course,MEDICAL BIOCHEMISTRY,kelens@mail.ru,Kazan Campus,6 years,,School leaving certificate ( legalised by ministry of forgien affairs and Ministry if Education) and international passport,Applied and Pure Science,Biomedical Sciences,Bachelor,,,,,,,Per year,Accommodation Fee,300,4,1200,Tuition Fee ,4,6450,25800,27000
Course,PREVENTIVE MEDICINE,kelens@mail.ru,Kazan Campus,6 years,,School leaving certificate ( legalised by ministry of forgien affairs and Ministry if Education) and international passport,Health and Medicine,Health and Safety,Bachelor,,,,,,,Per year,Accommodation Fee,300,4,1200,Tuition Fee ,4,6450,25800,27000
Course,POWER MECHANICAL ENGINEERING,ryabch@istu.ru,Izhevsk Campus,4 years,,School leaving certificate ( legalised by ministry of forgien affairs and Ministry if Education) and international passport,Engineering,Power and Energy Engineering,Bachelor,,,,,,,Per year,Accommodation Fee,300,4,1200,Tuition Fee ,4,2800,11200,12400
Course,TECHNOLOGY OF TRANSPORTATION PROCESSES,ryabch@istu.ru,Izhevsk Campus,4 years,,School leaving certificate ( legalised by ministry of forgien affairs and Ministry if Education) and international passport,Engineering,Vehicle Engineering,Bachelor,,,,,,,Per year,Accommodation Fee,300,4,1200,Tuition Fee ,4,2800,11200,12400
Course,OPERATION OF TRANSPORTATION AND TECHNOLOGICAL MACHINES AND COMPLEXES,ryabch@istu.ru,Izhevsk Campus,4 years,,School leaving certificate ( legalised by ministry of forgien affairs and Ministry if Education) and international passport,Engineering,Vehicle Engineering,Bachelor,,,,,,,Per year,Accommodation Fee,300,4,1200,Tuition Fee ,4,2800,11200,12400
Course,MECHANICAL ENGINEERING,ryabch@istu.ru,Izhevsk Campus,4 years,,School leaving certificate ( legalised by ministry of forgien affairs and Ministry if Education) and international passport,Engineering,Mechanical Engineering,Bachelor,,,,,,,Per year,Accommodation Fee,300,4,1200,Tuition Fee ,4,2800,11200,12400
Course,ENGINEERING AND DESIGN PROVISION OF PRODUCTION IN MACHINE-BUILDING,ryabch@istu.ru,Izhevsk Campus,4 years,,School leaving certificate ( legalised by ministry of forgien affairs and Ministry if Education) and international passport,Engineering,Manufacturing and Production,Bachelor,,,,,,,Per year,Accommodation Fee,300,4,1200,Tuition Fee ,4,2800,11200,12400
Course,LAND TRANSPORTATION-TECHNOLOGICAL MEANS,ryabch@istu.ru,Izhevsk Campus,4 years,,School leaving certificate ( legalised by ministry of forgien affairs and Ministry if Education) and international passport,Engineering,Vehicle Engineering,Bachelor,,,,,,,Per year,Accommodation Fee,300,4,1200,Tuition Fee ,4,3000,12000,13200
Course,ELECTRICAL POWER ENGINEERING AND ELECTRICAL ENGINEERING,ryabch@istu.ru,Izhevsk Campus,4 years,,School leaving certificate ( legalised by ministry of forgien affairs and Ministry if Education) and international passport,Engineering,Electrical Engineering,Bachelor,,,,,,,Per year,Accommodation Fee,300,4,1200,Tuition Fee ,4,3000,12000,13200
Course,INSTRUMENTATION ENGINEERING,ryabch@istu.ru,Izhevsk Campus,4 years,,School leaving certificate ( legalised by ministry of forgien affairs and Ministry if Education) and international passport,Engineering,Other Engineering Courses,Bachelor,,,,,,,Per year,Accommodation Fee,300,4,1200,Tuition Fee ,4,3000,12000,13200
Course,DESIGN AND TECHNOLOGY OF ELECTRONIC EQUIPMENT,ryabch@istu.ru,Izhevsk Campus,4 years,,School leaving certificate ( legalised by ministry of forgien affairs and Ministry if Education) and international passport,Engineering,Electronic Engineering,Bachelor,,,,,,,Per year,Accommodation Fee,300,4,1200,Tuition Fee ,4,3000,12000,13200
Course,RADIO ENGINEERING,ryabch@istu.ru,Izhevsk Campus,4 years,,School leaving certificate ( legalised by ministry of forgien affairs and Ministry if Education) and international passport,Computer Science and IT,Telecommunications,Bachelor,,,,,,,Per year,Accommodation Fee,300,4,1200,Tuition Fee ,4,3000,12000,13200
Course,INFO-COMMUNICATION TECHNOLOGIES AND COMMUNICATION SYSTEMS,ryabch@istu.ru,Izhevsk Campus,4 years,,School leaving certificate ( legalised by ministry of forgien affairs and Ministry if Education) and international passport,Computer Science and IT,Telecommunications,Bachelor,,,,,,,Per year,Accommodation Fee,500,4,2000,Tuition Fee ,4,3000,12000,14000
Course,RADIO-ELECTRONIC SYSTEMS AND COMPLEXES,ryabch@istu.ru,Izhevsk Campus,4 years,,School leaving certificate ( legalised by ministry of forgien affairs and Ministry if Education) and international passport,Computer Science and IT,Telecommunications,Bachelor,,,,,,,Per year,Accommodation Fee,500,4,2000,Tuition Fee ,4,2900,11600,13600
Course,INFORMATICS AND COMPUTER ENGINEERING,ryabch@istu.ru,Izhevsk Campus,4 years,,School leaving certificate ( legalised by ministry of forgien affairs and Ministry if Education) and international passport,Computer Science and IT,IT,Bachelor,,,,,,,Per year,Accommodation Fee,500,4,2000,Tuition Fee ,4,2900,11600,13600
Course,SOFTWARE ENGINEERING,ryabch@istu.ru,Izhevsk Campus,4 years,,School leaving certificate ( legalised by ministry of forgien affairs and Ministry if Education) and international passport,Computer Science and IT,Software,Bachelor,,,,,,,Per year,Accommodation Fee,500,4,2000,Tuition Fee ,4,3000,12000,14000
Course,INFORMATION SAFETY OF AUTOMATED SYSTEMS,ryabch@istu.ru,Izhevsk Campus,4 years,,School leaving certificate ( legalised by ministry of forgien affairs and Ministry if Education) and international passport,Computer Science and IT,Computer Information Systems,Bachelor,,,,,,,Per year,Accommodation Fee,500,4,2000,Tuition Fee ,4,3000,12000,14000
Course,ECONOMICS,ryabch@istu.ru,Izhevsk Campus,4 years,,School leaving certificate ( legalised by ministry of forgien affairs and Ministry if Education) and international passport,Social Studies and Media,Economics,Bachelor,,,,,,,Per year,Accommodation Fee,500,4,2000,Tuition Fee ,4,3000,12000,14000
Course,MANAGEMENT,ryabch@istu.ru,Izhevsk Campus,4 years,,School leaving certificate ( legalised by ministry of forgien affairs and Ministry if Education) and international passport,Business and Management,Management,Bachelor,,,,,,,Per year,Accommodation Fee,500,4,2000,Tuition Fee ,4,3000,12000,14000
Course,BUSINESS INFORMATICS,ryabch@istu.ru,Izhevsk Campus,4 years,,School leaving certificate ( legalised by ministry of forgien affairs and Ministry if Education) and international passport,Business and Management,Business Studies,Bachelor,,,,,,,Per year,Accommodation Fee,500,4,2000,Tuition Fee ,4,3000,12000,14000
Course,APPLIED INFORMATICS,ryabch@istu.ru,Izhevsk Campus,4 years,,School leaving certificate ( legalised by ministry of forgien affairs and Ministry if Education) and international passport,Applied and Pure Science,Other Applied and Pure Science Courses,Bachelor,,,,,,,Per year,Accommodation Fee,500,4,2000,Tuition Fee ,4,3000,12000,14000
Course,INFORMATION SYSTEMS AND TECHNOLOGIES,ryabch@istu.ru,Izhevsk Campus,4 years,,School leaving certificate ( legalised by ministry of forgien affairs and Ministry if Education) and international passport,Computer Science and IT,IT,Bachelor,,,,,,,Per year,Accommodation Fee,500,4,2000,Tuition Fee ,4,3000,12000,14000
Course,INNOVATION STUDIES,ryabch@istu.ru,Izhevsk Campus,4 years,,School leaving certificate ( legalised by ministry of forgien affairs and Ministry if Education) and international passport,Computer Science and IT,Other Computer Science and IT Courses,Bachelor,,,,,,,Per year,Accommodation Fee,500,4,2000,Tuition Fee ,4,3000,12000,14000
Course,LAW,ryabch@istu.ru,Izhevsk Campus,4 years,,School leaving certificate ( legalised by ministry of forgien affairs and Ministry if Education) and international passport,Law,Public Law,Bachelor,,,,,,,Per year,Accommodation Fee,500,4,2000,Tuition Fee ,4,3000,12000,14000
Course,LINGUISTICS(ENGLISH LANGUAGE),ryabch@istu.ru,Izhevsk Campus,4 years,,School leaving certificate ( legalised by ministry of forgien affairs and Ministry if Education) and international passport,Humanities and Languages,Languages,Bachelor,,,,,,,Per year,Accommodation Fee,500,4,2000,Tuition Fee ,4,3000,12000,14000
Course,FUNDAMENTAL AND APPLIED LINGUISTICS,ryabch@istu.ru,Izhevsk Campus,4 years,,School leaving certificate ( legalised by ministry of forgien affairs and Ministry if Education) and international passport,Humanities and Languages,Languages,Bachelor,,,,,,,Per year,Accommodation Fee,500,4,2000,Tuition Fee ,4,3000,12000,14000
Course,PROFESSIONAL TRAINING,ryabch@istu.ru,Izhevsk Campus,4 years,,School leaving certificate ( legalised by ministry of forgien affairs and Ministry if Education) and international passport,Education and Training,Other Education and Training Courses,Bachelor,,,,,,,Per year,Accommodation Fee,500,4,2000,Tuition Fee ,4,3000,12000,14000
Course,STATE AND MUNICIPAL ADMINISTRATION,ryabch@istu.ru,Izhevsk Campus,4 years,,School leaving certificate ( legalised by ministry of forgien affairs and Ministry if Education) and international passport,Social Studies and Media,Public Administration,Bachelor,,,,,,,Per year,Accommodation Fee,500,4,2000,Tuition Fee ,4,3000,12000,14000
Course,HUMAN RESOURCES MANAGEMENT,ryabch@istu.ru,Izhevsk Campus,4 years,,School leaving certificate ( legalised by ministry of forgien affairs and Ministry if Education) and international passport,Business and Management,Human Resource Management,Bachelor,,,,,,,Per year,Accommodation Fee,500,4,2000,Tuition Fee ,4,3000,12000,14000
Course,CIVIL ENGINEERING,ryabch@istu.ru,Izhevsk Campus,4 years,,School leaving certificate ( legalised by ministry of forgien affairs and Ministry if Education) and international passport,Engineering,Civil Engineering,Bachelor,,,,,,,Per year,Accommodation Fee,500,4,2000,Tuition Fee ,4,3000,12000,14000
Course,ARCHITECTURE,ryabch@istu.ru,Izhevsk Campus,4 years,,School leaving certificate ( legalised by ministry of forgien affairs and Ministry if Education) and international passport,Architecture and Construction,Architecture,Bachelor,,,,,,,Per year,Accommodation Fee,500,4,2000,Tuition Fee ,4,3000,12000,14000
Course,MERCHANDISING,ryabch@istu.ru,Izhevsk Campus,4 years,,School leaving certificate ( legalised by ministry of forgien affairs and Ministry if Education) and international passport,Business and Management,Other Business and Management Courses,Bachelor,,,,,,,Per year,Accommodation Fee,500,4,2000,Tuition Fee ,4,3000,12000,14000
Course,SYSTEM ANALYSIS AND CONTROL,ryabch@istu.ru,Izhevsk Campus,4 years,,School leaving certificate ( legalised by ministry of forgien affairs and Ministry if Education) and international passport,Engineering,Other Computer Science and IT Courses,Bachelor,,,,,,,Per year,Accommodation Fee,500,4,2000,Tuition Fee ,4,3000,12000,14000
Course,MECHATRONICS AND ROBOTICS,ryabch@istu.ru,Izhevsk Campus,4 years,,School leaving certificate ( legalised by ministry of forgien affairs and Ministry if Education) and international passport,Engineering,Special Education,Bachelor,,,,,,,Per year,Accommodation Fee,500,4,2000,Tuition Fee ,4,3000,12000,14000
Course,NANOTECHNOLOGIES AND MICROSYSTEM ENGINEERING,ryabch@istu.ru,Izhevsk Campus,4 years,,School leaving certificate ( legalised by ministry of forgien affairs and Ministry if Education) and international passport,Engineering,Special Education,Bachelor,,,,,,,Per year,Accommodation Fee,500,4,2000,Tuition Fee ,4,3000,12000,14000
Course,QUALITY MANAGEMENT,ryabch@istu.ru,Izhevsk Campus,4 years,,School leaving certificate ( legalised by ministry of forgien affairs and Ministry if Education) and international passport,Business and Management,Special Education,Bachelor,,,,,,,Per year,Accommodation Fee,500,4,2000,Tuition Fee ,4,3000,12000,14000
Course,TECHNOSPHERIC SAFETY,ryabch@istu.ru,Izhevsk Campus,4 years,,School leaving certificate ( legalised by ministry of forgien affairs and Ministry if Education) and international passport,Engineering,Other Engineering Courses,Bachelor,,,,,,,Per year,Accommodation Fee,500,4,2000,Tuition Fee ,4,3000,12000,14000
Course,APPLIED MATHEMATICS,ryabch@istu.ru,Izhevsk Campus,4 years,,School leaving certificate ( legalised by ministry of forgien affairs and Ministry if Education) and international passport,Applied and Pure Science,Mathematics,Bachelor,,,,,,,Per year,Accommodation Fee,500,4,2000,Tuition Fee ,4,3000,12000,14000
Course,TECHNOLOGICAL MACHINES AND EQUIPMENTS,ryabch@istu.ru,Izhevsk Campus,4 years,,School leaving certificate ( legalised by ministry of forgien affairs and Ministry if Education) and international passport,Engineering,Mechanical Engineering,Bachelor,,,,,,,Per year,Accommodation Fee,500,4,2000,Tuition Fee ,4,3000,12000,14000
Course,HEAT POWER ENGINEERING AND HEAT ENGINEERING,ryabch@istu.ru,Izhevsk Campus,4 years,,School leaving certificate ( legalised by ministry of forgien affairs and Ministry if Education) and international passport,Engineering,Power and Energy Engineering,Bachelor,,,,,,,Per year,Accommodation Fee,500,4,2000,Tuition Fee ,4,3000,12000,14000
Course,ADVERTISING AND PUBLIC RELATIONS,ryabch@istu.ru,Izhevsk Campus,4 years,,School leaving certificate ( legalised by ministry of forgien affairs and Ministry if Education) and international passport,Social Studies and Media,Public Administration,Bachelor,,,,,,,Per year,Accommodation Fee,500,4,2000,Tuition Fee ,4,3000,12000,14000
Course,DESIGN,ryabch@istu.ru,Izhevsk Campus,4 years,,School leaving certificate ( legalised by ministry of forgien affairs and Ministry if Education) and international passport,Creative Arts and Design,Other Creative Arts and Design Courses,Bachelor,,,,,,,Per year,Accommodation Fee,500,4,2000,Tuition Fee ,4,3000,12000,14000
Course,TECHNOLOGY OF ARTISTIC MATERIAL PROCESSING,ryabch@istu.ru,Izhevsk Campus,4 years,,School leaving certificate ( legalised by ministry of forgien affairs and Ministry if Education) and international passport,Engineering,Other Engineering Courses,Bachelor,,,,,,,Per year,Accommodation Fee,500,4,2000,Tuition Fee ,4,3000,12000,14000
Course,PHYSICAL TRAINING,ryabch@istu.ru,Izhevsk Campus,4 years,,School leaving certificate ( legalised by ministry of forgien affairs and Ministry if Education) and international passport,Education and Training,Other Education and Training Courses,Bachelor,,,,,,,Per year,Accommodation Fee,500,4,2000,Tuition Fee ,4,3000,12000,14000
Course,SOFTWARE ENGINEERING,ryabch@istu.ru,Izhevsk Campus,4 years,,School leaving certificate ( legalised by ministry of forgien affairs and Ministry if Education) and international passport,Computer Science and IT,Software ,Bachelor,,,,,,,Per year,Accommodation Fee,500,4,2000,Tuition Fee ,4,3800,15200,17200
Course,CIVIL ENGINEERING,ryabch@istu.ru,Izhevsk Campus,4 years,,School leaving certificate ( legalised by ministry of forgien affairs and Ministry if Education) and international passport,Engineering,Civil Engineering,Bachelor,,,,,,,Per year,Accommodation Fee,500,4,2000,Tuition Fee ,4,3800,15200,17200
Course,POWER MECHANICAL ENGINEERING,ryabch@istu.ru,Izhevsk Campus,2 years,,"International passport, School leaving certificate,Bachelors Degree certificate and University transcript (legalised by ministry of forgien affairs and Ministry if Education)",Engineering,Power and Energy Engineering,Master,,,,,,,Per year,Accommodation Fee,500,2,1000,Tuition Fee ,2,2900,5800,6800
Course,OPERATION OF TRANSPORTATION AND TECHNOLOGICAL MACHINE AND COMPLEXES,ryabch@istu.ru,Izhevsk Campus,2 years,,"International passport, School leaving certificate,Bachelors Degree certificate and University transcript (legalised by ministry of forgien affairs and Ministry if Education)",Engineering,Vehicle Engineering,Master,,,,,,,Per year,Accommodation Fee,500,2,1000,Tuition Fee ,2,2900,5800,6800
Course,MECHANICAL ENGINEERING,ryabch@istu.ru,Izhevsk Campus,2 years,,"International passport, School leaving certificate,Bachelors Degree certificate and University transcript (legalised by ministry of forgien affairs and Ministry if Education)",Engineering,Mechanical Engineering,Master,,,,,,,Per year,Accommodation Fee,500,2,1000,Tuition Fee ,2,2900,5800,6800
Course,ENGINEERING AND DESIGN PROVISION OF PRODUCTION IN MACHINE BUILDING,ryabch@istu.ru,Izhevsk Campus,2 years,,"International passport, School leaving certificate,Bachelors Degree certificate and University transcript (legalised by ministry of forgien affairs and Ministry if Education)",Engineering,Manufacturing and Production,Master,,,,,,,Per year,Accommodation Fee,500,2,1000,Tuition Fee ,2,2900,5800,6800
Course,LAND TRANSPORTATION-TECHNOLOGICAL COMPLEXES,ryabch@istu.ru,Izhevsk Campus,2 years,,"International passport, School leaving certificate,Bachelors Degree certificate and University transcript (legalised by ministry of forgien affairs and Ministry if Education)",Engineering,Vehicle Engineering,Master,,,,,,,Per year,Accommodation Fee,500,2,1000,Tuition Fee ,2,2900,5800,6800
Course,ELECTRICAL POWER ENGINEERING AND ELECTRICAL ENGINEERING,ryabch@istu.ru,Izhevsk Campus,2 years,,"International passport, School leaving certificate,Bachelors Degree certificate and University transcript (legalised by ministry of forgien affairs and Ministry if Education)",Engineering,Power and Energy Engineering,Master,,,,,,,Per year,Accommodation Fee,500,2,1000,Tuition Fee ,2,2900,5800,6800
Course,RADIO ENGINEERING,ryabch@istu.ru,Izhevsk Campus,2 years,,"International passport, School leaving certificate,Bachelors Degree certificate and University transcript (legalised by ministry of forgien affairs and Ministry if Education)",Engineering,Telecommunications,Master,,,,,,,Per year,Accommodation Fee,500,2,1000,Tuition Fee ,2,2900,5800,6800
Course,INFO-COMMUNICATION TECHNOLOGIES AND COMMUNICATION SYSTEMS,ryabch@istu.ru,Izhevsk Campus,2 years,,"International passport, School leaving certificate,Bachelors Degree certificate and University transcript (legalised by ministry of forgien affairs and Ministry if Education)",Computer Science and IT,Computer Information Systems,Master,,,,,,,Per year,Accommodation Fee,500,2,1000,Tuition Fee ,2,2900,5800,6800
Course,INFORMATICS AND COMPUTER ENGINEERING,ryabch@istu.ru,Izhevsk Campus,2 years,,"International passport, School leaving certificate,Bachelors Degree certificate and University transcript (legalised by ministry of forgien affairs and Ministry if Education)",Engineering,Computer Science,Master,,,,,,,Per year,Accommodation Fee,500,2,1000,Tuition Fee ,2,2900,5800,6800
Course,SOFTWARE ENGINEERING,ryabch@istu.ru,Izhevsk Campus,2 years,,"International passport, School leaving certificate,Bachelors Degree certificate and University transcript (legalised by ministry of forgien affairs and Ministry if Education)",Computer Science and IT,Software,Master,,,,,,,Per year,Accommodation Fee,500,2,1000,Tuition Fee ,2,2900,5800,6800
Course,ECONOMICS,ryabch@istu.ru,Izhevsk Campus,2 years,,"International passport, School leaving certificate,Bachelors Degree certificate and University transcript (legalised by ministry of forgien affairs and Ministry if Education)",Social Studies and Media,Economics,Master,,,,,,,Per year,Accommodation Fee,500,2,1000,Tuition Fee ,2,2900,5800,6800
Course,MANAGEMENT,ryabch@istu.ru,Izhevsk Campus,2 years,,"International passport, School leaving certificate,Bachelors Degree certificate and University transcript (legalised by ministry of forgien affairs and Ministry if Education)",Business and Management,Management,Master,,,,,,,Per year,Accommodation Fee,500,2,1000,Tuition Fee ,2,2900,5800,6800
Course,BUSINESS,ryabch@istu.ru,Izhevsk Campus,2 years,,"International passport, School leaving certificate,Bachelors Degree certificate and University transcript (legalised by ministry of forgien affairs and Ministry if Education)",Business and Management,Business Studies,Master,,,,,,,Per year,Accommodation Fee,500,2,1000,Tuition Fee ,2,2900,5800,6800
Course,FINANCE AND CREDIT,ryabch@istu.ru,Izhevsk Campus,2 years,,"International passport, School leaving certificate,Bachelors Degree certificate and University transcript (legalised by ministry of forgien affairs and Ministry if Education)",Business and Management,FinBanking and Finance,Master,,,,,,,Per year,Accommodation Fee,500,2,1000,Tuition Fee ,2,2900,5800,6800
Course,INFORMATION SYSTEMS AND TECHNOLOGIES,ryabch@istu.ru,Izhevsk Campus,2 years,,"International passport, School leaving certificate,Bachelors Degree certificate and University transcript (legalised by ministry of forgien affairs and Ministry if Education)",Computer Science and IT,IT,Master,,,,,,,Per year,Accommodation Fee,500,2,1000,Tuition Fee ,2,2900,5800,6800
Course,PROFESSIONAL TRAINING,ryabch@istu.ru,Izhevsk Campus,2 years,,"International passport, School leaving certificate,Bachelors Degree certificate and University transcript (legalised by ministry of forgien affairs and Ministry if Education)",Education and Training,Other Education and Training Courses,Master,,,,,,,Per year,Accommodation Fee,500,2,1000,Tuition Fee ,2,2900,5800,6800
Course,BUSINESS INFORMATICS,ryabch@istu.ru,Izhevsk Campus,2 years,,"International passport, School leaving certificate,Bachelors Degree certificate and University transcript (legalised by ministry of forgien affairs and Ministry if Education)",Business and Management,Other Business and Management Courses,Master,,,,,,,Per year,Accommodation Fee,500,2,1000,Tuition Fee ,2,2700,5400,6400
Course,STATE AND MUNICIPAL ADMINISTRATION,ryabch@istu.ru,Izhevsk Campus,2 years,,"International passport, School leaving certificate,Bachelors Degree certificate and University transcript (legalised by ministry of forgien affairs and Ministry if Education)",Social Studies and Media,Public Administration,Master,,,,,,,Per year,Accommodation Fee,500,2,1000,Tuition Fee ,2,2900,5800,6800
Course,HUMAN RESOURCE MANAGEMENT,ryabch@istu.ru,Izhevsk Campus,2 years,,"International passport, School leaving certificate,Bachelors Degree certificate and University transcript (legalised by ministry of forgien affairs and Ministry if Education)",Business and Management,Human Resource Management,Master,,,,,,,Per year,Accommodation Fee,500,2,1000,Tuition Fee ,2,2900,5800,6800
Course,CIVIL ENGINEERING,ryabch@istu.ru,Izhevsk Campus,2 years,,"International passport, School leaving certificate,Bachelors Degree certificate and University transcript (legalised by ministry of forgien affairs and Ministry if Education)",Engineering,Civil Engineering,Master,,,,,,,Per year,Accommodation Fee,500,2,1000,Tuition Fee ,2,2900,5800,6800
Course,SYSTEM ANALYSIS AND CONTROL,ryabch@istu.ru,Izhevsk Campus,2 years,,"International passport, School leaving certificate,Bachelors Degree certificate and University transcript (legalised by ministry of forgien affairs and Ministry if Education)",Computer Science and IT,Other Computer Science and IT Courses,Master,,,,,,,Per year,Accommodation Fee,500,2,1000,Tuition Fee ,2,2900,5800,6800
Course,MECHATRONICS AND ROBOTICS,ryabch@istu.ru,Izhevsk Campus,2 years,,"International passport, School leaving certificate,Bachelors Degree certificate and University transcript (legalised by ministry of forgien affairs and Ministry if Education)",Engineering,Mechanical Engineering,Master,,,,,,,Per year,Accommodation Fee,500,2,1000,Tuition Fee ,2,2900,5800,6800
Course,TECHNOSPHERIC SAFETY,ryabch@istu.ru,Izhevsk Campus,2 years,,"International passport, School leaving certificate,Bachelors Degree certificate and University transcript (legalised by ministry of forgien affairs and Ministry if Education)",Engineering,Vehicle Engineering,Master,,,,,,,Per year,Accommodation Fee,500,2,1000,Tuition Fee ,2,2900,5800,6800
Course,MECHANICS AND MATHEMATICAL MODELLING,ryabch@istu.ru,Izhevsk Campus,2 years,,"International passport, School leaving certificate,Bachelors Degree certificate and University transcript (legalised by ministry of forgien affairs and Ministry if Education)",Engineering,Mechanical Engineering,Master,,,,,,,Per year,Accommodation Fee,500,2,1000,Tuition Fee ,2,2900,5800,6800
Course,APPLIED MATHEMATICS,ryabch@istu.ru,Izhevsk Campus,2 years,,"International passport, School leaving certificate,Bachelors Degree certificate and University transcript (legalised by ministry of forgien affairs and Ministry if Education)",Applied and Pure Science,Mathematics,Master,,,,,,,Per year,Accommodation Fee,500,2,1000,Tuition Fee ,2,2900,5800,6800
Course,HEAT POWER ENGINEERING AND HEAT ENGINEERING,ryabch@istu.ru,Izhevsk Campus,2 years,,"International passport, School leaving certificate,Bachelors Degree certificate and University transcript (legalised by ministry of forgien affairs and Ministry if Education)",Engineering,Power and Energy Engineering,Master,,,,,,,Per year,Accommodation Fee,500,2,1000,Tuition Fee ,2,2900,5800,6800
Course,TECHNOLOGY OF ARTISTIC MATERIAL PROCESSING,ryabch@istu.ru,Izhevsk Campus,2 years,,"International passport, School leaving certificate,Bachelors Degree certificate and University transcript (legalised by ministry of forgien affairs and Ministry if Education)",Computer Science and IT,Other Computer Science and IT Courses,Master,,,,,,,Per year,Accommodation Fee,500,2,1000,Tuition Fee ,2,2900,5800,6800
Course,PHYSICAL TRAINING,ryabch@istu.ru,Izhevsk Campus,2 years,,"International passport, School leaving certificate,Bachelors Degree certificate and University transcript (legalised by ministry of forgien affairs and Ministry if Education)",Education and Training,Educational Psychology,Master,,,,,,,Per year,Accommodation Fee,500,2,1000,Tuition Fee ,2,2900,5800,6800
Course,CIVIL ENGINEERING-PROJECT MANAGEMENT IN CONSTRUCTION,ryabch@istu.ru,Izhevsk Campus,2 years,,"International passport, School leaving certificate,Bachelors Degree certificate and University transcript (legalised by ministry of forgien affairs and Ministry if Education)",Engineering,Civil Engineering,Master,,,,,,,Per year,Accommodation Fee,500,2,1000,Tuition Fee ,2,2900,5800,6800
Course,CONSTRUCTION TECHNOLOGIES AND ENGINEERING,ryabch@istu.ru,Izhevsk Campus,3 years,,"International passport, School leaving certificate,Bachelors Degree certificate, Masters ceertificate and University transcripts (legalised by ministry of forgien affairs and Ministry if Education)",Architecture and Construction,Construction,PhD,,,,,,,Per year,Accommodation Fee,500,4,2000,Tuition Fee ,4,4100,16400,18400
Course,INFORMATICS AND COMPUTER ENGINEERING,ryabch@istu.ru,Izhevsk Campus,3 years,,"International passport, School leaving certificate,Bachelors Degree certificate, Masters ceertificate and University transcripts (legalised by ministry of forgien affairs and Ministry if Education)",Computer Science and IT,IT,PhD,,,,,,,Per year,Accommodation Fee,500,4,2000,Tuition Fee ,4,4100,16400,18400
Course,"PHOTONICS INSTRUMENTATION ENGINEERING, OPTIC AND BIOTECHNICAL SYSTEMS AND TECHNOLOGIES",ryabch@istu.ru,Izhevsk Campus,3 years,,"International passport, School leaving certificate,Bachelors Degree certificate, Masters ceertificate and University transcripts (legalised by ministry of forgien affairs and Ministry if Education)",Engineering,Other Engineering Courses,PhD,,,,,,,Per year,Accommodation Fee,500,4,2000,Tuition Fee ,4,4100,16400,18400
Course,MECHANICAL ENGINEERING,ryabch@istu.ru,Izhevsk Campus,3 years,,"International passport, School leaving certificate,Bachelors Degree certificate, Masters ceertificate and University transcripts (legalised by ministry of forgien affairs and Ministry if Education)",Engineering,Mechanical Engineering,PhD,,,,,,,Per year,Accommodation Fee,500,4,2000,Tuition Fee ,4,4100,16400,18400
Course,ECONOMICS,ryabch@istu.ru,Izhevsk Campus,3 years,,"International passport, School leaving certificate,Bachelors Degree certificate, Masters ceertificate and University transcripts (legalised by ministry of forgien affairs and Ministry if Education)",Social Studies and Media,Human Resource Management,PhD,,,,,,,Per year,Accommodation Fee,500,4,2000,Tuition Fee ,4,3900,15600,17600
Course,EDUCATIONAL AND PEDAGOGICAL SCIENCE,ryabch@istu.ru,Izhevsk Campus,3 years,,"International passport, School leaving certificate,Bachelors Degree certificate, Masters ceertificate and University transcripts (legalised by ministry of forgien affairs and Ministry if Education)",Education and Training,Pedagogy,PhD,,,,,,,Per year,Accommodation Fee,500,4,2000,Tuition Fee ,4,3900,15600,17600
Course,LINGUISTICS AND LITERATURE STUDIES,ryabch@istu.ru,Izhevsk Campus,3 years,,"International passport, School leaving certificate,Bachelors Degree certificate, Masters ceertificate and University transcripts (legalised by ministry of forgien affairs and Ministry if Education)",Humanities and Languages,Literature,PhD,,,,,,,Per year,Accommodation Fee,500,4,2000,Tuition Fee ,4,3900,15600,17600
Course,ART STUDIES,ryabch@istu.ru,Izhevsk Campus,3 years,,"International passport, School leaving certificate,Bachelors Degree certificate, Masters ceertificate and University transcripts (legalised by ministry of forgien affairs and Ministry if Education)",Creative Arts and Design,Art,PhD,,,,,,,Per year,Accommodation Fee,500,4,2000,Tuition Fee ,4,3900,15600,17600
Course,FOUNDATION PROGRAMME ( Russian language),ryabch@istu.ru,Izhevsk Campus,,,School leaving certificate ( legalised by ministry of forgien affairs and Ministry if Education) and international passport,Humanities and Languages,Languages,Certificate,,,,,,,Per year,Accommodation Fee,500,1,500,Tuition Fee ,1,2300,2300,2800
Course,Architecture,ttc.bstu@gmail.com,Brest Campus,5 years,,School leaving certificate ( legalised by ministry of forgien affairs and Ministry if Education) and international passport,Architecture and Construction,Agriculture,Bachelor,,,,,,,Per year,Accommodation Fee,300,4,1200,Tuition Fee ,4,2600,10400,11600
Course,Architectural Design,ttc.bstu@gmail.com,Brest Campus,5 years,,School leaving certificate ( legalised by ministry of forgien affairs and Ministry if Education) and international passport,Architecture and Construction,Architecture,Bachelor,,,,,,,Per year,Accommodation Fee,300,4,1200,Tuition Fee ,4,2600,10400,11600
Course,Production of Building Components and Constructions,ttc.bstu@gmail.com,Brest Campus,4 years,,School leaving certificate ( legalised by ministry of forgien affairs and Ministry if Education) and international passport,Architecture and Construction,Construction,Bachelor,,,,,,,Per year,Accommodation Fee,300,4,1200,Tuition Fee ,4,2600,10400,11600
Course,Automobile Roads,ttc.bstu@gmail.com,Brest Campus,5 years,,School leaving certificate ( legalised by ministry of forgien affairs and Ministry if Education) and international passport,Architecture and Construction,Construction,Bachelor,,,,,,,Per year,Accommodation Fee,300,4,1200,Tuition Fee ,4,2600,10400,11600
Course,Industrial and Civil Engineering,ttc.bstu@gmail.com,Brest Campus,4 years,,School leaving certificate ( legalised by ministry of forgien affairs and Ministry if Education) and international passport,Engineering,Civil Engineering,Bachelor,,,,,,,Per year,Accommodation Fee,300,4,1200,Tuition Fee ,4,2600,10400,11600
Course,Industrial and Civil Engineering,ttc.bstu@gmail.com,Brest Campus,4 years,,School leaving certificate ( legalised by ministry of forgien affairs and Ministry if Education) and international passport,Engineering,Civil Engineering,Bachelor,,,,,,,Per year,Accommodation Fee,300,4,1200,Tuition Fee ,4,3500,14000,15200
Course,Finance and Crediting,ttc.bstu@gmail.com,Brest Campus,4 years,,School leaving certificate ( legalised by ministry of forgien affairs and Ministry if Education) and international passport,Business and Management,Banking and Finance,Bachelor,,,,,,,Per year,Accommodation Fee,300,4,1200,Tuition Fee ,4,2200,8800,10000
Course,"Economy and Management of Enterprise 
",ttc.bstu@gmail.com,Brest Campus,4 years,,School leaving certificate ( legalised by ministry of forgien affairs and Ministry if Education) and international passport,Business and Management,Management,Bachelor,,,,,,,Per year,Accommodation Fee,300,4,1200,Tuition Fee ,4,2200,8800,10000
Course,Marketing ,ttc.bstu@gmail.com,Brest Campus,4 years,,School leaving certificate ( legalised by ministry of forgien affairs and Ministry if Education) and international passport,Business and Management,Sales and Marketing,Bachelor,,,,,,,Per year,Accommodation Fee,300,4,1200,Tuition Fee ,4,2200,8800,10000
Course,"Accounting, Analysis and Audit",ttc.bstu@gmail.com,Brest Campus,4 years,,School leaving certificate ( legalised by ministry of forgien affairs and Ministry if Education) and international passport,Business and Management,Accounting,Bachelor,,,,,,,Per year,Accommodation Fee,300,4,1200,Tuition Fee ,4,2600,10400,11600
Course,E-Marketing,ttc.bstu@gmail.com,Brest Campus,4 years,,School leaving certificate ( legalised by ministry of forgien affairs and Ministry if Education) and international passport,Business and Management,E-Commerce,Bachelor,,,,,,,Per year,Accommodation Fee,300,4,1200,Tuition Fee ,4,2600,10400,11600
Course,Economics of Electronic business,ttc.bstu@gmail.com,Brest Campus,4 years,,School leaving certificate ( legalised by ministry of forgien affairs and Ministry if Education) and international passport,Social Studies and Media,Economics,Bachelor,,,,,,,Per year,Accommodation Fee,300,4,1200,Tuition Fee ,4,2600,10400,11600
Course,Logistics,ttc.bstu@gmail.com,Brest Campus,4 years,,School leaving certificate ( legalised by ministry of forgien affairs and Ministry if Education) and international passport,Business and Management,Transportation and Logistics,Bachelor,,,,,,,Per year,Accommodation Fee,300,4,1200,Tuition Fee ,4,2600,10400,11600
Course,Logistics,ttc.bstu@gmail.com,Brest Campus,4 years,,School leaving certificate ( legalised by ministry of forgien affairs and Ministry if Education) and international passport,Business and Management,Transportation and Logistics,Bachelor,,,,,,,Per year,Accommodation Fee,300,4,1200,Tuition Fee ,4,3500,14000,15200
Course,Industrial Electronics,ttc.bstu@gmail.com,Brest Campus,4 years,,School leaving certificate ( legalised by ministry of forgien affairs and Ministry if Education) and international passport,Engineering,Electronic Engineering,Bachelor,,,,,,,Per year,Accommodation Fee,300,4,1200,Tuition Fee ,4,2600,10400,11600
Course,"Computers, Computer Systems and Networks",ttc.bstu@gmail.com,Brest Campus,4 years,,School leaving certificate ( legalised by ministry of forgien affairs and Ministry if Education) and international passport,Computer Science and IT,Computer Science,Bachelor,,,,,,,Per year,Accommodation Fee,300,4,1200,Tuition Fee ,4,2600,10400,11600
Course,Artificial Intelligence,ttc.bstu@gmail.com,Brest Campus,4 years,,School leaving certificate ( legalised by ministry of forgien affairs and Ministry if Education) and international passport,Computer Science and IT,Other Computer Science and IT Courses,Bachelor,,,,,,,Per year,Accommodation Fee,300,4,1200,Tuition Fee ,4,2600,10400,11600
Course,Automatized Information Processing Systems,ttc.bstu@gmail.com,Brest Campus,4 years,,School leaving certificate ( legalised by ministry of forgien affairs and Ministry if Education) and international passport,Computer Science and IT,Other Computer Science and IT Courses,Bachelor,,,,,,,Per year,Accommodation Fee,300,4,1200,Tuition Fee ,4,2600,10400,11600
Course,Programmable Mobile Systems,ttc.bstu@gmail.com,Brest Campus,4 years,,School leaving certificate ( legalised by ministry of forgien affairs and Ministry if Education) and international passport,Computer Science and IT,Other Computer Science and IT Courses,Bachelor,,,,,,,Per year,Accommodation Fee,300,4,1200,Tuition Fee ,4,2600,10400,11600
Course,Software for Information Technologies,ttc.bstu@gmail.com,Brest Campus,4 years,,School leaving certificate ( legalised by ministry of forgien affairs and Ministry if Education) and international passport,Engineering,Software,Bachelor,,,,,,,Per year,Accommodation Fee,300,4,1200,Tuition Fee ,4,2600,10400,11600
Course,Industrial Electronics,ttc.bstu@gmail.com,Brest Campus,4 years,,School leaving certificate ( legalised by ministry of forgien affairs and Ministry if Education) and international passport,Engineering,Electronic Engineering,Bachelor,,,,,,,Per year,Accommodation Fee,300,4,1200,Tuition Fee ,4,3500,14000,15200
Course,"Computers, Computer Systems and Networks",ttc.bstu@gmail.com,Brest Campus,4 years,,School leaving certificate ( legalised by ministry of forgien affairs and Ministry if Education) and international passport,Computer Science and IT,Computer Science,Bachelor,,,,,,,Per year,Accommodation Fee,300,4,1200,Tuition Fee ,4,3500,14000,15200
Course,Artificial Intelligence,ttc.bstu@gmail.com,Brest Campus,4 years,,School leaving certificate ( legalised by ministry of forgien affairs and Ministry if Education) and international passport,Computer Science and IT,Other Computer Science and IT Courses,Bachelor,,,,,,,Per year,Accommodation Fee,300,4,1200,Tuition Fee ,4,3500,14000,15200
Course,Automatized Information Processing Systems,ttc.bstu@gmail.com,Brest Campus,4 years,,School leaving certificate ( legalised by ministry of forgien affairs and Ministry if Education) and international passport,Computer Science and IT,Other Computer Science and IT Courses,Bachelor,,,,,,,Per year,Accommodation Fee,300,4,1200,Tuition Fee ,4,3500,14000,15200
Course,Machine-Building Technology,ttc.bstu@gmail.com,Brest Campus,4 years,,School leaving certificate ( legalised by ministry of forgien affairs and Ministry if Education) and international passport,Engineering,Mechanical Engineering,Bachelor,,,,,,,Per year,Accommodation Fee,300,4,1200,Tuition Fee ,4,2600,10400,11600
Course,Technology Equipment of Machine Building,ttc.bstu@gmail.com,Brest Campus,4 years,,School leaving certificate ( legalised by ministry of forgien affairs and Ministry if Education) and international passport,Engineering,Other Engineering Courses,Bachelor,,,,,,,Per year,Accommodation Fee,300,4,1200,Tuition Fee ,4,2600,10400,11600
Course,Machines and Apparatuses of Food Production,ttc.bstu@gmail.com,Brest Campus,4 years,,School leaving certificate ( legalised by ministry of forgien affairs and Ministry if Education) and international passport,Applied and Pure Science,Food Science and Technology,Bachelor,,,,,,,Per year,Accommodation Fee,300,4,1200,Tuition Fee ,4,2600,10400,11600
Course,Motor Transport for General and Personal Use,ttc.bstu@gmail.com,Brest Campus,4 years,,School leaving certificate ( legalised by ministry of forgien affairs and Ministry if Education) and international passport,Engineering,Vehicle Engineering,Bachelor,,,,,,,Per year,Accommodation Fee,300,4,1200,Tuition Fee ,4,2600,10400,11600
Course,Automation of Technological Processes and Productions,ttc.bstu@gmail.com,Brest Campus,4 years,,School leaving certificate ( legalised by ministry of forgien affairs and Ministry if Education) and international passport,Engineering,Other Engineering Courses,Bachelor,,,,,,,Per year,Accommodation Fee,300,4,1200,Tuition Fee ,4,2600,10400,11600
Course,Car Service,ttc.bstu@gmail.com,Brest Campus,4 years,,School leaving certificate ( legalised by ministry of forgien affairs and Ministry if Education) and international passport,Engineering,Vehicle Engineering,Bachelor,,,,,,,Per year,Accommodation Fee,300,4,1200,Tuition Fee ,4,2600,10400,11600
Course,Nature Conservation,ttc.bstu@gmail.com,Brest Campus,4 years,,School leaving certificate ( legalised by ministry of forgien affairs and Ministry if Education) and international passport,Social Studies and Media,Environmental Management,Bachelor,,,,,,,Per year,Accommodation Fee,300,4,1200,Tuition Fee ,4,2200,8800,10000
Course,"Water-supply, 
 Sewerage and Protection of Water Resources",ttc.bstu@gmail.com,Brest Campus,4 years,,School leaving certificate ( legalised by ministry of forgien affairs and Ministry if Education) and international passport,Social Studies and Media,Environmental Management,Bachelor,,,,,,,Per year,Accommodation Fee,300,4,1200,Tuition Fee ,4,2600,10400,11600
Course,Amelioration and Water Management,ttc.bstu@gmail.com,Brest Campus,4 years,,School leaving certificate ( legalised by ministry of forgien affairs and Ministry if Education) and international passport,Social Studies and Media,Environmental Management,Bachelor,,,,,,,Per year,Accommodation Fee,300,4,1200,Tuition Fee ,4,2600,10400,11600
Course,"Heat and Gas Supply, Ventilation and Air Protection",ttc.bstu@gmail.com,Brest Campus,4 years,,School leaving certificate ( legalised by ministry of forgien affairs and Ministry if Education) and international passport,Engineering,Power and Energy Engineering,Bachelor,,,,,,,Per year,Accommodation Fee,300,4,1200,Tuition Fee ,4,2600,10400,11600
Course,Economics,ttc.bstu@gmail.com,Brest Campus,1 year,,"International passport, School leaving certificate,Bachelors Degree certificate and University transcript (legalised by ministry of forgien affairs and Ministry if Education)",Social Studies and Media,Economics,Master,,,,,,,Per year,Accommodation Fee,300,1,300,Tuition Fee ,1,3500,3500,3800
Course,World Economics,ttc.bstu@gmail.com,Brest Campus,1 year,,"International passport, School leaving certificate,Bachelors Degree certificate and University transcript (legalised by ministry of forgien affairs and Ministry if Education)",Social Studies and Media,Economics,Master,,,,,,,Per year,Accommodation Fee,300,1,300,Tuition Fee ,1,3500,3500,3800
Course,Economics,ttc.bstu@gmail.com,Brest Campus,1 year,,"International passport, School leaving certificate,Bachelors Degree certificate and University transcript (legalised by ministry of forgien affairs and Ministry if Education)",Social Studies and Media,Economics,Master,,,,,,,Per year,Accommodation Fee,300,1,300,Tuition Fee ,1,4200,4200,4500
Course,World Economics,ttc.bstu@gmail.com,Brest Campus,1 year,,"International passport, School leaving certificate,Bachelors Degree certificate and University transcript (legalised by ministry of forgien affairs and Ministry if Education)",Social Studies and Media,Economics,Master,,,,,,,Per year,Accommodation Fee,300,1,300,Tuition Fee ,1,4200,4200,4500
Course,"Accounting, Auditing and Analysis",ttc.bstu@gmail.com,Brest Campus,1 year,,"International passport, School leaving certificate,Bachelors Degree certificate and University transcript (legalised by ministry of forgien affairs and Ministry if Education)",Business and Management,Accounting,Master,,,,,,,Per year,Accommodation Fee,300,1,300,Tuition Fee ,1,3500,3500,3800
Course,Ecology,ttc.bstu@gmail.com,Brest Campus,1 year,,"International passport, School leaving certificate,Bachelors Degree certificate and University transcript (legalised by ministry of forgien affairs and Ministry if Education)",Social Studies and Media,Environmental Management,Master,,,,,,,Per year,Accommodation Fee,300,1,300,Tuition Fee ,1,3500,3500,3800
Course,Innovative Technologies in Machine Building,ttc.bstu@gmail.com,Brest Campus,1 year,,"International passport, School leaving certificate,Bachelors Degree certificate and University transcript (legalised by ministry of forgien affairs and Ministry if Education)",Engineering,Mechanical Engineering,Master,,,,,,,Per year,Accommodation Fee,300,1,300,Tuition Fee ,1,3500,3500,3800
Course,Electronic Systems and Technologies,ttc.bstu@gmail.com,Brest Campus,2 years,,"International passport, School leaving certificate,Bachelors Degree certificate and University transcript (legalised by ministry of forgien affairs and Ministry if Education)",Engineering,Electronic Engineering,Master,,,,,,,Per year,Accommodation Fee,300,2,600,Tuition Fee ,2,3500,7000,7600
Course,"System Analysis, Information Control and Processing",ttc.bstu@gmail.com,Brest Campus,1 year ,,"International passport, School leaving certificate,Bachelors Degree certificate and University transcript (legalised by ministry of forgien affairs and Ministry if Education)",Computer Science and IT,Computer Information Systems,Master,,,,,,,Per year,Accommodation Fee,300,1,300,Tuition Fee ,1,3500,3500,3800
Course,Computer Science and Software Technologies,ttc.bstu@gmail.com,Brest Campus,2 years,,"International passport, School leaving certificate,Bachelors Degree certificate and University transcript (legalised by ministry of forgien affairs and Ministry if Education)",Computer Science and IT,Computer Science,Master,,,,,,,Per year,Accommodation Fee,300,2,600,Tuition Fee ,2,3500,7000,7600
Course,Artificial Intelligence,ttc.bstu@gmail.com,Brest Campus,2 years,,"International passport, School leaving certificate,Bachelors Degree certificate and University transcript (legalised by ministry of forgien affairs and Ministry if Education)",Computer Science and IT,Other Computer Science and IT Courses,Master,,,,,,,Per year,Accommodation Fee,300,2,600,Tuition Fee ,2,3500,7000,7600
Course,Automation,ttc.bstu@gmail.com,Brest Campus,1 year,,"International passport, School leaving certificate,Bachelors Degree certificate and University transcript (legalised by ministry of forgien affairs and Ministry if Education)",Engineering,Other Engineering Courses,Master,,,,,,,Per year,Accommodation Fee,300,1,300,Tuition Fee ,1,3500,3500,3800
Course,Architecture,ttc.bstu@gmail.com,Brest Campus,1 year,,"International passport, School leaving certificate,Bachelors Degree certificate and University transcript (legalised by ministry of forgien affairs and Ministry if Education)",Architecture and Construction,Architecture,Master,,,,,,,Per year,Accommodation Fee,300,1,300,Tuition Fee ,1,3500,3500,3800
Course,Construction,ttc.bstu@gmail.com,Brest Campus,1 year,,"International passport, School leaving certificate,Bachelors Degree certificate and University transcript (legalised by ministry of forgien affairs and Ministry if Education)",Architecture and Construction,Construction,Master,,,,,,,Per year,Accommodation Fee,300,1,300,Tuition Fee ,1,3500,3500,3800
Course,"Melioration, Revegetation and Land Protection",ttc.bstu@gmail.com,Brest Campus,1 year,,"International passport, School leaving certificate,Bachelors Degree certificate and University transcript (legalised by ministry of forgien affairs and Ministry if Education)",Agriculture and Veterinary Medicine,Other Agriculture and Veterinary Medicine Courses,Master,,,,,,,Per year,Accommodation Fee,300,1,300,Tuition Fee ,1,4200,4200,4500
Course,Electronic Systems and Technologies,ttc.bstu@gmail.com,Brest Campus,2 years,,"International passport, School leaving certificate,Bachelors Degree certificate and University transcript (legalised by ministry of forgien affairs and Ministry if Education)",Engineering,Electronic Engineering,Master,,,,,,,Per year,Accommodation Fee,300,2,600,Tuition Fee ,2,4200,8400,9000
Course,"System Analysis, Information Control and Processing",ttc.bstu@gmail.com,Brest Campus,1 year ,,"International passport, School leaving certificate,Bachelors Degree certificate and University transcript (legalised by ministry of forgien affairs and Ministry if Education)",Computer Science and IT,Other Computer Science and IT Courses,Master,,,,,,,Per year,Accommodation Fee,300,1,300,Tuition Fee ,1,4200,4200,4500
Course,Computer Science and Software Technologies,ttc.bstu@gmail.com,Brest Campus,2 years,,"International passport, School leaving certificate,Bachelors Degree certificate and University transcript (legalised by ministry of forgien affairs and Ministry if Education)",Computer Science and IT,Computer Science,Master,,,,,,,Per year,Accommodation Fee,300,2,600,Tuition Fee ,2,4200,8400,9000
Course,Artificial Intelligence,ttc.bstu@gmail.com,Brest Campus,2 years,,"International passport, School leaving certificate,Bachelors Degree certificate and University transcript (legalised by ministry of forgien affairs and Ministry if Education)",Computer Science and IT,Other Computer Science and IT Courses,Master,,,,,,,Per year,Accommodation Fee,300,2,600,Tuition Fee ,2,4200,8400,9000
Course,Construction,ttc.bstu@gmail.com,Brest Campus,1 year,,"International passport, School leaving certificate,Bachelors Degree certificate and University transcript (legalised by ministry of forgien affairs and Ministry if Education)",Architecture and Construction,Construction,Master,,,,,,,Per year,Accommodation Fee,300,1,300,Tuition Fee ,1,4200,4200,4500
Course,FOUNDATION PROGRAMME ( Russian language),ttc.bstu@gmail.com,Brest Campus,1 year,,School leaving certificate ( legalised by ministry of forgien affairs and Ministry if Education) and international passport,Humanities and Languages,Languages,Certificate,,,,,,,Per year,Accommodation Fee,300,1,300,Tuition Fee ,1,1800,1800,2100
Course,?ognitive Neurosciences,info@urfu.ru,Ekaterinburg Campus,2 years,,"International passport, School leaving certificate,Bachelors Degree certificate and University transcript (legalised by ministry of forgien affairs and Ministry if Education)",Applied and Pure Science,Other Applied and Pure Science Courses,Master,,,,,,,Per year,Accommodation Fee,500,2,1000,Tuition Fee ,2,3850,7700,8700
Course,Food Biotechnology,info@urfu.ru,Ekaterinburg Campus,2 years,,"International passport, School leaving certificate,Bachelors Degree certificate and University transcript (legalised by ministry of forgien affairs and Ministry if Education)",Applied and Pure Science,Food Science and Technology,Master,,,,,,,Per year,Accommodation Fee,500,2,1000,Tuition Fee ,2,3850,7700,8700
Course,Sports,info@urfu.ru,Ekaterinburg Campus,2 years,,"International passport, School leaving certificate,Bachelors Degree certificate and University transcript (legalised by ministry of forgien affairs and Ministry if Education)",Applied and Pure Science,Sports Science,Master,,,,,,,Per year,Accommodation Fee,500,2,1000,Tuition Fee ,2,3850,7700,8700
Course,Human Resources,info@urfu.ru,Ekaterinburg Campus,2 years,,"International passport, School leaving certificate,Bachelors Degree certificate and University transcript (legalised by ministry of forgien affairs and Ministry if Education)",Humanities and Languages,Human Resource Management,Master,,,,,,,Per year,Accommodation Fee,500,2,1000,Tuition Fee ,2,3850,7700,8700
Course,International Management,info@urfu.ru,Ekaterinburg Campus,2 years,,"International passport, School leaving certificate,Bachelors Degree certificate and University transcript (legalised by ministry of forgien affairs and Ministry if Education)",Social Studies and Media,International relations,Master,,,,,,,Per year,Accommodation Fee,500,2,1000,Tuition Fee ,2,3200,6400,7400
Course,International Trade and Entrepreneurship,info@urfu.ru,Ekaterinburg Campus,2 years,,"International passport, School leaving certificate,Bachelors Degree certificate and University transcript (legalised by ministry of forgien affairs and Ministry if Education)",Social Studies and Media,International relations,Master,,,,,,,Per year,Accommodation Fee,500,2,1000,Tuition Fee ,2,3200,6400,7400
Course,IT Innovations in Business,info@urfu.ru,Ekaterinburg Campus,2 years,,"International passport, School leaving certificate,Bachelors Degree certificate and University transcript (legalised by ministry of forgien affairs and Ministry if Education)",Computer Science and IT,Other Computer Science and IT Courses,Master,,,,,,,Per year,Accommodation Fee,500,2,1000,Tuition Fee ,2,3200,6400,7400
Course,"Mechanical Engineering, Machines and Equipment Design",info@urfu.ru,Ekaterinburg Campus,2 years,,"International passport, School leaving certificate,Bachelors Degree certificate and University transcript (legalised by ministry of forgien affairs and Ministry if Education)",Engineering,Mechanical Engineering,Master,,,,,,,Per year,Accommodation Fee,500,2,1000,Tuition Fee ,2,3850,7700,8700
Course,Neoindustrial Design,info@urfu.ru,Ekaterinburg Campus,2 years,,"International passport, School leaving certificate,Bachelors Degree certificate and University transcript (legalised by ministry of forgien affairs and Ministry if Education)",Creative Arts and Design,Industrial Design,Master,,,,,,,Per year,Accommodation Fee,500,2,1000,Tuition Fee ,2,3200,6400,7400
Course,Political Philosoph,info@urfu.ru,Ekaterinburg Campus,2 years,,"International passport, School leaving certificate,Bachelors Degree certificate and University transcript (legalised by ministry of forgien affairs and Ministry if Education)",Social Studies and Media,Politics,Master,,,,,,,Per year,Accommodation Fee,500,2,1000,Tuition Fee ,2,3200,6400,7400
Course,Practical Data Analysis,info@urfu.ru,Ekaterinburg Campus,2 years,,"International passport, School leaving certificate,Bachelors Degree certificate and University transcript (legalised by ministry of forgien affairs and Ministry if Education)",Computer Science and IT,Other Computer Science and IT Courses,Master,,,,,,,Per year,Accommodation Fee,500,2,1000,Tuition Fee ,2,3200,6400,7400
Course,Preventology,info@urfu.ru,Ekaterinburg Campus,2 years,,"International passport, School leaving certificate,Bachelors Degree certificate and University transcript (legalised by ministry of forgien affairs and Ministry if Education)",Applied and Pure Science,Other Applied and Pure Science Courses,Master,,,,,,,Per year,Accommodation Fee,500,2,1000,Tuition Fee ,2,4000,8000,9000
Course,Sustainable Solid Waste Management,info@urfu.ru,Ekaterinburg Campus,2 years,,"International passport, School leaving certificate,Bachelors Degree certificate and University transcript (legalised by ministry of forgien affairs and Ministry if Education)",Social Studies and Media,Environmental Management,Master,,,,,,,Per year,Accommodation Fee,500,2,1000,Tuition Fee ,2,3850,7700,8700
Course,Mathematics and Mechanics,info@urfu.ru,Ekaterinburg Campus,4 years,,"International passport, School leaving certificate,Bachelors Degree certificate, Masters ceertificate and University transcripts (legalised by ministry of forgien affairs and Ministry if Education)",Applied and Pure Science,Mathematics,PhD,,,,,,,Per year,Accommodation Fee,500,4,2000,Tuition Fee ,4,3600,14400,16400
Course,Computer and Information Sciences,info@urfu.ru,Ekaterinburg Campus,4 years,,"International passport, School leaving certificate,Bachelors Degree certificate, Masters ceertificate and University transcripts (legalised by ministry of forgien affairs and Ministry if Education)",Computer Science and IT,Computer Science,PhD,,,,,,,Per year,Accommodation Fee,500,4,2000,Tuition Fee ,4,3600,14400,16400
Course,Physics and Astronomy,info@urfu.ru,Ekaterinburg Campus,4 years,,"International passport, School leaving certificate,Bachelors Degree certificate, Masters ceertificate and University transcripts (legalised by ministry of forgien affairs and Ministry if Education)",Applied and Pure Science,Physics,PhD,,,,,,,Per year,Accommodation Fee,500,4,2000,Tuition Fee ,4,3600,14400,16400
Course,Chemical Sciences,info@urfu.ru,Ekaterinburg Campus,4 years,,"International passport, School leaving certificate,Bachelors Degree certificate, Masters ceertificate and University transcripts (legalised by ministry of forgien affairs and Ministry if Education)",Applied and Pure Science,Chemistry,PhD,,,,,,,Per year,Accommodation Fee,500,4,2000,Tuition Fee ,4,3600,14400,16400
Course,Biosciences,info@urfu.ru,Ekaterinburg Campus,4 years,,"International passport, School leaving certificate,Bachelors Degree certificate, Masters ceertificate and University transcripts (legalised by ministry of forgien affairs and Ministry if Education)",Applied and Pure Science,Biology,PhD,,,,,,,Per year,Accommodation Fee,500,4,2000,Tuition Fee ,4,3500,14000,16000
Course,Architecture,info@urfu.ru,Ekaterinburg Campus,4 years,,"International passport, School leaving certificate,Bachelors Degree certificate, Masters ceertificate and University transcripts (legalised by ministry of forgien affairs and Ministry if Education)",Architecture and Construction,Architecture,PhD,,,,,,,Per year,Accommodation Fee,500,4,2000,Tuition Fee ,4,3500,14000,16000
Course,Civil Engineering Technology,info@urfu.ru,Ekaterinburg Campus,4 years,,"International passport, School leaving certificate,Bachelors Degree certificate, Masters ceertificate and University transcripts (legalised by ministry of forgien affairs and Ministry if Education)",Engineering,Civil Engineering,PhD,,,,,,,Per year,Accommodation Fee,500,4,2000,Tuition Fee ,4,3500,14000,16000
Course,Electrical and Heat-power Engineering,info@urfu.ru,Ekaterinburg Campus,4 years,,"International passport, School leaving certificate,Bachelors Degree certificate, Masters ceertificate and University transcripts (legalised by ministry of forgien affairs and Ministry if Education)",Engineering,Electrical Engineering,PhD,,,,,,,Per year,Accommodation Fee,500,4,2000,Tuition Fee ,4,4560,18240,20240
Course,"Nuclear, Thermal and Renewable Energy and Related Technologies",info@urfu.ru,Ekaterinburg Campus,4 years,,"International passport, School leaving certificate,Bachelors Degree certificate, Masters ceertificate and University transcripts (legalised by ministry of forgien affairs and Ministry if Education)",Engineering,Power and Energy Engineering,PhD,,,,,,,Per year,Accommodation Fee,500,4,2000,Tuition Fee ,4,3500,14000,16000
Course,Mechanical Engineering,info@urfu.ru,Ekaterinburg Campus,4 years,,"International passport, School leaving certificate,Bachelors Degree certificate, Masters ceertificate and University transcripts (legalised by ministry of forgien affairs and Ministry if Education)",Engineering,Mechanical Engineering,PhD,,,,,,,Per year,Accommodation Fee,500,4,2000,Tuition Fee ,4,3500,14000,16000
Course,Chemical Technology,info@urfu.ru,Ekaterinburg Campus,4 years,,"International passport, School leaving certificate,Bachelors Degree certificate, Masters ceertificate and University transcripts (legalised by ministry of forgien affairs and Ministry if Education)",Applied and Pure Science,Chemistry,PhD,,,,,,,Per year,Accommodation Fee,500,4,2000,Tuition Fee ,4,3500,14000,16000
Course,Materials Technology,info@urfu.ru,Ekaterinburg Campus,4 years,,"International passport, School leaving certificate,Bachelors Degree certificate, Masters ceertificate and University transcripts (legalised by ministry of forgien affairs and Ministry if Education)",Engineering,Other Engineering Courses,PhD,,,,,,,Per year,Accommodation Fee,500,4,2000,Tuition Fee ,4,3500,14000,16000
Course,Management in Technical Systems,info@urfu.ru,Ekaterinburg Campus,4 years,,"International passport, School leaving certificate,Bachelors Degree certificate, Masters ceertificate and University transcripts (legalised by ministry of forgien affairs and Ministry if Education)",Business and Management,Other Business and Management Courses,PhD,,,,,,,Per year,Accommodation Fee,500,4,2000,Tuition Fee ,4,3500,14000,16000
Course,Psychological Sciences,info@urfu.ru,Ekaterinburg Campus,4 years,,"International passport, School leaving certificate,Bachelors Degree certificate, Masters ceertificate and University transcripts (legalised by ministry of forgien affairs and Ministry if Education)",Health and Medicine,Psychology,PhD,,,,,,,Per year,Accommodation Fee,500,4,2000,Tuition Fee ,4,3450,13800,15800
Course,Economics,info@urfu.ru,Ekaterinburg Campus,4 years,,"International passport, School leaving certificate,Bachelors Degree certificate, Masters ceertificate and University transcripts (legalised by ministry of forgien affairs and Ministry if Education)",Social Studies and Media,Economics,PhD,,,,,,,Per year,Accommodation Fee,500,4,2000,Tuition Fee ,4,3450,13800,15800
Course,Sociological sciences,info@urfu.ru,Ekaterinburg Campus,4 years,,"International passport, School leaving certificate,Bachelors Degree certificate, Masters ceertificate and University transcripts (legalised by ministry of forgien affairs and Ministry if Education)",Social Studies and Media,Sociology,PhD,,,,,,,Per year,Accommodation Fee,500,4,2000,Tuition Fee ,4,3450,13800,15800
Course,Political sciences and area studies,info@urfu.ru,Ekaterinburg Campus,4 years,,"International passport, School leaving certificate,Bachelors Degree certificate, Masters ceertificate and University transcripts (legalised by ministry of forgien affairs and Ministry if Education)",Social Studies and Media,Politics,PhD,,,,,,,Per year,Accommodation Fee,500,4,2000,Tuition Fee ,4,3450,13800,15800
Course,Linguistics and Literary studies,info@urfu.ru,Ekaterinburg Campus,4 years,,"International passport, School leaving certificate,Bachelors Degree certificate, Masters ceertificate and University transcripts (legalised by ministry of forgien affairs and Ministry if Education)",Humanities and Languages,Literature,PhD,,,,,,,Per year,Accommodation Fee,500,4,2000,Tuition Fee ,4,3450,13800,15800
Course,History and Archeology,info@urfu.ru,Ekaterinburg Campus,4 years,,"International passport, School leaving certificate,Bachelors Degree certificate, Masters ceertificate and University transcripts (legalised by ministry of forgien affairs and Ministry if Education)",Humanities and Languages,History,PhD,,,,,,,Per year,Accommodation Fee,500,4,2000,Tuition Fee ,4,3450,13800,15800
Course,"Philosophy, Ethics and Religious Studies",info@urfu.ru,Ekaterinburg Campus,4 years,,"International passport, School leaving certificate,Bachelors Degree certificate, Masters ceertificate and University transcripts (legalised by ministry of forgien affairs and Ministry if Education)",Humanities and Languages,Religious Studies,PhD,,,,,,,Per year,Accommodation Fee,500,4,2000,Tuition Fee ,4,3450,13800,15800
Course,Art studies,info@urfu.ru,Ekaterinburg Campus,4 years,,"International passport, School leaving certificate,Bachelors Degree certificate, Masters ceertificate and University transcripts (legalised by ministry of forgien affairs and Ministry if Education)",Creative Arts and Design,Art,PhD,,,,,,,Per year,Accommodation Fee,500,4,2000,Tuition Fee ,4,4560,18240,20240
Course,Cultural studies,info@urfu.ru,Ekaterinburg Campus,4 years,,"International passport, School leaving certificate,Bachelors Degree certificate, Masters ceertificate and University transcripts (legalised by ministry of forgien affairs and Ministry if Education)",Humanities and Languages,Cultural Studies,PhD,,,,,,,Per year,Accommodation Fee,500,4,2000,Tuition Fee ,4,4560,18240,20240
Course,Advanced Materials Science,welcome@misis.ru,Moscow Campus,2 years,,"International passport, School leaving certificate,Bachelors Degree certificate and University transcript (legalised by ministry of forgien affairs and Ministry if Education)",Applied and Pure Science,Materials Sciences,Masters,,,,,,,Per year,Accommodation Fee,1000,2,2000,Tuition Fee ,2,5900,11800,13800
Course,"Innovative Software Systems: Design, Development & Applications",welcome@misis.ru,Moscow Campus,2 years,,"International passport, School leaving certificate,Bachelors Degree certificate and University transcript (legalised by ministry of forgien affairs and Ministry if Education)",Computer Science and IT,Other Computer Science and IT Courses,Master,,,,,,,Per year,Accommodation Fee,1000,2,2000,Tuition Fee ,2,5900,11800,13800
Course,Communications and International Public Relations,welcome@misis.ru,Moscow Campus,2 years,,"International passport, School leaving certificate,Bachelors Degree certificate and University transcript (legalised by ministry of forgien affairs and Ministry if Education)",Social Studies and Media,International relations,Master,,,,,,,Per year,Accommodation Fee,1000,2,2000,Tuition Fee ,2,5900,11800,13800
Course,Nanotechnology and Materials for Micro- and Nanosystems,welcome@misis.ru,Moscow Campus,2 years,,"International passport, School leaving certificate,Bachelors Degree certificate and University transcript (legalised by ministry of forgien affairs and Ministry if Education)",Applied and Pure Science,Other Applied and Pure Science Courses,Master,,,,,,,Per year,Accommodation Fee,1000,2,2000,Tuition Fee ,2,5900,11800,13800
Course,Science and Materials of Solar Energy,welcome@misis.ru,Moscow Campus,2 years,,"International passport, School leaving certificate,Bachelors Degree certificate and University transcript (legalised by ministry of forgien affairs and Ministry if Education)",Applied and Pure Science,Other Applied and Pure Science Courses,Master,,,,,,,Per year,Accommodation Fee,1000,2,2000,Tuition Fee ,2,5900,11800,13800
Course,Quantum Physics for Advanced Materials Engineering,welcome@misis.ru,Moscow Campus,2 years,,"International passport, School leaving certificate,Bachelors Degree certificate and University transcript (legalised by ministry of forgien affairs and Ministry if Education)",Engineering,Other Engineering Courses,Master,,,,,,,Per year,Accommodation Fee,1000,2,2000,Tuition Fee ,2,5900,11800,13800
Course,Advanced Metallic Materials and Engineering,welcome@misis.ru,Moscow Campus,2 years,,"International passport, School leaving certificate,Bachelors Degree certificate and University transcript (legalised by ministry of forgien affairs and Ministry if Education)",Engineering,Metallurgy,Master,,,,,,,Per year,Accommodation Fee,1000,2,2000,Tuition Fee ,2,5900,11800,13800
Course,Second Language Teaching and Pedagogical Design in Digital Environments,welcome@misis.ru,Moscow Campus,2 years,,"International passport, School leaving certificate,Bachelors Degree certificate and University transcript (legalised by ministry of forgien affairs and Ministry if Education)",Education and Training,Pedagogy,Master,,,,,,,Per year,Accommodation Fee,1000,2,2000,Tuition Fee ,2,5900,11800,13800
Course,Data Science,welcome@misis.ru,Moscow Campus,2 years,,"International passport, School leaving certificate,Bachelors Degree certificate and University transcript (legalised by ministry of forgien affairs and Ministry if Education)",Applied and Pure Science,Other Applied and Pure Science Courses,PhD,,,,,,,Per year,Accommodation Fee,1000,4,4000,Tuition Fee ,4,5900,23600,27600
Course,Earth Science,welcome@misis.ru,Moscow Campus,4 years,,"International passport, School leaving certificate,Bachelors Degree certificate, Masters ceertificate and University transcripts (legalised by ministry of forgien affairs and Ministry if Education)",Applied and Pure Science,Earth Sciences,PhD,,,,,,,Per year,Accommodation Fee,1000,4,4000,Tuition Fee ,4,7600,30400,34400
Course,Electric & Thermal Engineering,welcome@misis.ru,Moscow Campus,4 years,,"International passport, School leaving certificate,Bachelors Degree certificate, Masters ceertificate and University transcripts (legalised by ministry of forgien affairs and Ministry if Education)",Engineering,Electrical Engineering,PhD,,,,,,,Per year,Accommodation Fee,1000,4,4000,Tuition Fee ,4,7600,30400,34400
Course,Mechanical Engineering,welcome@misis.ru,Moscow Campus,4 years,,"International passport, School leaving certificate,Bachelors Degree certificate, Masters ceertificate and University transcripts (legalised by ministry of forgien affairs and Ministry if Education)",Engineering,Mechanical Engineering,PhD,,,,,,,Per year,Accommodation Fee,1000,4,4000,Tuition Fee ,4,7600,30400,34400
Course,Technosphere Safety,welcome@misis.ru,Moscow Campus,4 years,,"International passport, School leaving certificate,Bachelors Degree certificate, Masters ceertificate and University transcripts (legalised by ministry of forgien affairs and Ministry if Education)",Engineering,Other Engineering Courses,PhD,,,,,,,Per year,Accommodation Fee,1000,4,4000,Tuition Fee ,4,7600,30400,34400
Course,"Geology, Exploration & Development of Mineral Resources",welcome@misis.ru,Moscow Campus,4 years,,"International passport, School leaving certificate,Bachelors Degree certificate, Masters ceertificate and University transcripts (legalised by ministry of forgien affairs and Ministry if Education)",Applied and Pure Science,   Earth Sciences,PhD,,,,,,,Per year,Accommodation Fee,1000,4,4000,Tuition Fee ,4,7600,30400,34400
Course,Chemical Engineering,welcome@misis.ru,Moscow Campus,4 years,,"International passport, School leaving certificate,Bachelors Degree certificate, Masters ceertificate and University transcripts (legalised by ministry of forgien affairs and Ministry if Education)",Engineering,Chemical and Materials Engineering,PhD,,,,,,,Per year,Accommodation Fee,1000,4,4000,Tuition Fee ,4,7600,30400,34400
Course,Chemical Sciences,welcome@misis.ru,Moscow Campus,4 years,,"International passport, School leaving certificate,Bachelors Degree certificate, Masters ceertificate and University transcripts (legalised by ministry of forgien affairs and Ministry if Education)",Engineering,Chemical and Materials Engineering,PhD,,,,,,,Per year,Accommodation Fee,1000,4,4000,Tuition Fee ,4,7600,30400,34400
Course,Mechanical Engineering,welcome@misis.ru,Moscow Campus,4 years,,"International passport, School leaving certificate,Bachelors Degree certificate, Masters ceertificate and University transcripts (legalised by ministry of forgien affairs and Ministry if Education)",Engineering,Mechanical Engineering,PhD,,,,,,,Per year,Accommodation Fee,1000,4,4000,Tuition Fee ,4,7600,30400,34400
Course,Technosphere Safety,welcome@misis.ru,Moscow Campus,4 years,,"International passport, School leaving certificate,Bachelors Degree certificate, Masters ceertificate and University transcripts (legalised by ministry of forgien affairs and Ministry if Education)",Applied and Pure Science,Environmental Sciences,PhD,,,,,,,Per year,Accommodation Fee,1000,4,4000,Tuition Fee ,4,7600,30400,34400
Course,Materials Technology,welcome@misis.ru,Moscow Campus,4 years,,"International passport, School leaving certificate,Bachelors Degree certificate, Masters ceertificate and University transcripts (legalised by ministry of forgien affairs and Ministry if Education)",Applied and Pure Science,Materials Sciences,PhD,,,,,,,Per year,Accommodation Fee,1000,4,4000,Tuition Fee ,4,7600,30400,34400
Course,Technical Systems Control,welcome@misis.ru,Moscow Campus,4 years,,"International passport, School leaving certificate,Bachelors Degree certificate, Masters ceertificate and University transcripts (legalised by ministry of forgien affairs and Ministry if Education)",Computer Science and IT,Other Computer Science and IT Courses,PhD,,,,,,,Per year,Accommodation Fee,1000,4,4000,Tuition Fee ,4,7600,30400,34400
Course,Physics & Astronomy,welcome@misis.ru,Moscow Campus,4 years,,"International passport, School leaving certificate,Bachelors Degree certificate, Masters ceertificate and University transcripts (legalised by ministry of forgien affairs and Ministry if Education)",Applied and Pure Science,Physics,PhD,,,,,,,Per year,Accommodation Fee,1000,4,4000,Tuition Fee ,4,7600,30400,34400
Course,"Electronics, Radio Engineering & Communication System",welcome@misis.ru,Moscow Campus,4 years,,"International passport, School leaving certificate,Bachelors Degree certificate, Masters ceertificate and University transcripts (legalised by ministry of forgien affairs and Ministry if Education)",Engineering,Electronic Engineering,PhD,,,,,,,Per year,Accommodation Fee,1000,4,4000,Tuition Fee ,4,7600,30400,34400
Course,Materials Technology,welcome@misis.ru,Moscow Campus,4 years,,"International passport, School leaving certificate,Bachelors Degree certificate, Masters ceertificate and University transcripts (legalised by ministry of forgien affairs and Ministry if Education)",Applied and Pure Science,Other Applied and Pure Science Courses,PhD,,,,,,,Per year,Accommodation Fee,1000,4,4000,Tuition Fee ,4,7600,30400,34400
Course,Economics,welcome@misis.ru,Moscow Campus,4 years,,"International passport, School leaving certificate,Bachelors Degree certificate, Masters ceertificate and University transcripts (legalised by ministry of forgien affairs and Ministry if Education)",Social Studies and Media,Economics,PhD,,,,,,,Per year,Accommodation Fee,1000,4,4000,Tuition Fee ,4,7600,30400,34400
Course,Computer Sciences & Engineering,welcome@misis.ru,Moscow Campus,4 years,,"International passport, School leaving certificate,Bachelors Degree certificate, Masters ceertificate and University transcripts (legalised by ministry of forgien affairs and Ministry if Education)",Computer Science and IT,Computer Science,PhD,,,,,,,Per year,Accommodation Fee,1000,4,4000,Tuition Fee ,4,7600,30400,34400
Health Insurance,Health insurance,izhevsk@email.reso.ru,Reso Izhevsk Office,,,"Copy of passport, VIsa and Hostel registration",,,,,,,,,,,,,,,,1,150,150,150
Notarization,Document translation and notorisation,accent@18rus.ru ,Accent Izhevsk Office,,,"Copy of passport, School/ University certificate",,,,,,,,,,,,,,,,1,250,250,250
